FPR,TPR
0.00000,0.00000
0.16162,0.65455
1.00000,1.00000
