FPR,TPR
0.00000,0.00000
0.38384,0.49091
0.42424,0.49091
1.00000,1.00000
